"";"Participant";"With_without";"FileName_1_TimeToAns";"FileName_1_Ans";"FileName_1_Correct";"FileName_2_TimeToAns";"FileName_2_Ans";"FileName_2_Correct";"FileName_3_TimeToAns";"FileName_3_Ans";"FileName_3_Correct";"FileName_4_TimeToAns";"FileName_4_Ans";"FileName_4_Correct";"FileName_5_TimeToAns";"FileName_5_Ans";"FileName_5_Correct";"FileName_6_TimeToAns";"FileName_6_Ans";"FileName_6_Correct";"FileName_7_TimeToAns";"FileName_7_Ans";"FileName_7_Correct";"FileName_8_TimeToAns";"FileName_8_Ans";"FileName_8_Correct";"FileName_9_TimeToAns";"FileName_9_Ans";"FileName_9_Correct";"FileName_10_TimeToAns";"FileName_10_Ans";"FileName_10_Correct";"FileName_11_TimeToAns";"FileName_11_Ans";"FileName_11_Correct";"FileName_12_TimeToAns";"FileName_12_Ans";"FileName_12_Correct";"FileName_13_TimeToAns";"FileName_13_Ans";"FileName_13_Correct";"FileName_14_TimeToAns";"FileName_14_Ans";"FileName_14_Correct";"FileName_15_TimeToAns";"FileName_15_Ans";"FileName_15_Correct";"FileName_16_TimeToAns";"FileName_16_Ans";"FileName_16_Correct";"FileName_17_TimeToAns";"FileName_17_Ans";"FileName_17_Correct";"FileName_18_TimeToAns";"FileName_18_Ans";"FileName_18_Correct";"FileName_19_TimeToAns";"FileName_19_Ans";"FileName_19_Correct";"FileName_20_TimeToAns";"FileName_20_Ans";"FileName_20_Correct";"FileName_21_TimeToAns";"FileName_21_Ans";"FileName_21_Correct";"FileName_22_TimeToAns";"FileName_22_Ans";"FileName_22_Correct";"FileName_23_TimeToAns";"FileName_23_Ans";"FileName_23_Correct";"FileName_24_TimeToAns";"FileName_24_Ans";"FileName_24_Correct";"FileName_25_TimeToAns";"FileName_25_Ans";"FileName_25_Correct";"FileName_26_TimeToAns";"FileName_26_Ans";"FileName_26_Correct";"FileName_27_TimeToAns";"FileName_27_Ans";"FileName_27_Correct";"FileName_28_TimeToAns";"FileName_28_Ans";"FileName_28_Correct";"FileName_29_TimeToAns";"FileName_29_Ans";"FileName_29_Correct";"FileName_30_TimeToAns";"FileName_30_Ans";"FileName_30_Correct";"FileName_31_TimeToAns";"FileName_31_Ans";"FileName_31_Correct";"FileName_32_TimeToAns";"FileName_32_Ans";"FileName_32_Correct";"FileName_33_TimeToAns";"FileName_33_Ans";"FileName_33_Correct";"FileName_34_TimeToAns";"FileName_34_Ans";"FileName_34_Correct";"FileName_35_TimeToAns";"FileName_35_Ans";"FileName_35_Correct";"FileName_36_TimeToAns";"FileName_36_Ans";"FileName_36_Correct";"FileName_37_TimeToAns";"FileName_37_Ans";"FileName_37_Correct";"FileName_38_TimeToAns";"FileName_38_Ans";"FileName_38_Correct";"FileName_39_TimeToAns";"FileName_39_Ans";"FileName_39_Correct";"FileName_40_TimeToAns";"FileName_40_Ans";"FileName_40_Correct";"FileName_41_TimeToAns";"FileName_41_Ans";"FileName_41_Correct";"FileName_42_TimeToAns";"FileName_42_Ans";"FileName_42_Correct";"FileName_43_TimeToAns";"FileName_43_Ans";"FileName_43_Correct";"FileName_44_TimeToAns";"FileName_44_Ans";"FileName_44_Correct";"FileName_45_TimeToAns";"FileName_45_Ans";"FileName_45_Correct";"FileName_46_TimeToAns";"FileName_46_Ans";"FileName_46_Correct";"FileName_47_TimeToAns";"FileName_47_Ans";"FileName_47_Correct";"FileName_48_TimeToAns";"FileName_48_Ans";"FileName_48_Correct";"FileName_49_TimeToAns";"FileName_49_Ans";"FileName_49_Correct";"FileName_50_TimeToAns";"FileName_50_Ans";"FileName_50_Correct";"FileName_51_TimeToAns";"FileName_51_Ans";"FileName_51_Correct";"FileName_52_TimeToAns";"FileName_52_Ans";"FileName_52_Correct";"FileName_53_TimeToAns";"FileName_53_Ans";"FileName_53_Correct";"FileName_54_TimeToAns";"FileName_54_Ans";"FileName_54_Correct";"FileName_55_TimeToAns";"FileName_55_Ans";"FileName_55_Correct";"FileName_56_TimeToAns";"FileName_56_Ans";"FileName_56_Correct";"FileName_57_TimeToAns";"FileName_57_Ans";"FileName_57_Correct";"FileName_58_TimeToAns";"FileName_58_Ans";"FileName_58_Correct";"FileName_59_TimeToAns";"FileName_59_Ans";"FileName_59_Correct";"FileName_60_TimeToAns";"FileName_60_Ans";"FileName_60_Correct"
"1";"P01";"with";8536;"Capital";TRUE;8643;"Capital";TRUE;2668;"Capital";TRUE;14612;"Capital";TRUE;3595;"Capital";TRUE;1595;"Return";TRUE;3050;"Capital";TRUE;1670;"Capital";TRUE;5376;"Capital";TRUE;961;"Capital";TRUE;707;"Capital";TRUE;836;"Return";TRUE;886;"Return";TRUE;959;"Capital";TRUE;2870;"Return";TRUE;1810;"Capital";TRUE;2894;"Capital";TRUE;771;"Return";TRUE;676;"Return";TRUE;748;"Capital";TRUE;4108;"Capital";TRUE;17014;"Capital";TRUE;4247;"Capital";FALSE;7903;"Return";TRUE;4648;"Return";TRUE;1213;"Return";TRUE;5560;"Return";TRUE;3221;"Return";TRUE;10214;"Capital";TRUE;1420;"Return";TRUE;5656;"Capital";TRUE;1319;"Return";TRUE;6672;"Capital";FALSE;7850;"Capital";TRUE;1155;"Return";TRUE;1503;"Return";TRUE;4760;"Return";TRUE;4521;"Return";TRUE;6162;"Capital";TRUE;11377;"Return";FALSE;12331;"Return";TRUE;6014;"Return";TRUE;16882;"Return";TRUE;20559;"Return";TRUE;4943;"Capital";TRUE;9411;"Capital";TRUE;13325;"Return";TRUE;27792;"Return";TRUE;7336;"Capital";TRUE;2635;"Capital";TRUE;7430;"Capital";TRUE;4408;"Return";TRUE;2676;"Capital";TRUE;13999;"Capital";FALSE;18832;"Capital";FALSE;4479;"Capital";TRUE;6987;"Return";TRUE;29652;"Capital";TRUE;7744;"Return";TRUE;7156;"Capital";TRUE
"2";"P02";"without";16346;"Capital";TRUE;19157;"Return";FALSE;7619;"Capital";TRUE;20652;"Capital";TRUE;16967;"Return";FALSE;21066;"Return";TRUE;5677;"Capital";TRUE;12536;"Return";FALSE;27251;"Return";FALSE;23321;"Return";FALSE;19872;"Capital";TRUE;21244;"Return";TRUE;13312;"Return";TRUE;46808;"Capital";TRUE;25828;"Return";TRUE;10863;"Capital";TRUE;10407;"Capital";TRUE;8339;"Return";TRUE;6629;"Return";TRUE;5923;"Capital";TRUE;8980;"Capital";TRUE;33734;"Return";FALSE;60987;"Return";TRUE;14422;"Return";TRUE;8565;"Return";TRUE;8229;"Return";TRUE;48124;"Capital";FALSE;8209;"Return";TRUE;18599;"Return";FALSE;9478;"Return";TRUE;12271;"Capital";TRUE;7642;"Return";TRUE;12818;"Capital";FALSE;31772;"Return";FALSE;7255;"Return";TRUE;12631;"Return";TRUE;33841;"Return";TRUE;7222;"Return";TRUE;60030;"Capital";TRUE;34458;"Capital";TRUE;19475;"Return";TRUE;23387;"Return";TRUE;63041;"Return";TRUE;36863;"Return";TRUE;9211;"Capital";TRUE;4111;"Capital";TRUE;46521;"Return";TRUE;24061;"Return";TRUE;16446;"Capital";TRUE;9611;"Capital";TRUE;19238;"Return";FALSE;33840;"Return";TRUE;13377;"Capital";TRUE;75021;"Capital";FALSE;33128;"Return";TRUE;6606;"Capital";TRUE;32015;"Return";TRUE;43607;"Return";FALSE;43283;"Return";TRUE;10718;"Capital";TRUE
"3";"P03";"with";23100;"Capital";TRUE;5485;"Capital";TRUE;4520;"Capital";TRUE;2275;"Return";FALSE;3193;"Capital";TRUE;1965;"Return";TRUE;4534;"Return";FALSE;2459;"Capital";TRUE;2740;"Return";FALSE;1883;"Capital";TRUE;1951;"Capital";TRUE;1459;"Return";TRUE;3931;"Return";TRUE;3390;"Capital";TRUE;1541;"Return";TRUE;2194;"Capital";TRUE;2670;"Capital";TRUE;2588;"Return";TRUE;1970;"Return";TRUE;3341;"Capital";TRUE;5199;"Capital";TRUE;4020;"Return";FALSE;8579;"Return";TRUE;5779;"Capital";FALSE;2034;"Return";TRUE;4714;"Return";TRUE;3203;"Return";TRUE;2178;"Return";TRUE;7546;"Capital";TRUE;3739;"Return";TRUE;14342;"Return";FALSE;1202;"Return";TRUE;5482;"Capital";FALSE;6655;"Capital";TRUE;845;"Return";TRUE;2168;"Return";TRUE;4869;"Return";TRUE;3899;"Return";TRUE;6118;"Capital";TRUE;7219;"Capital";TRUE;4282;"Return";TRUE;8210;"Capital";FALSE;6574;"Return";TRUE;9897;"Capital";FALSE;6159;"Capital";TRUE;3176;"Capital";TRUE;8447;"Return";TRUE;4487;"Capital";FALSE;4616;"Return";FALSE;1487;"Capital";TRUE;14213;"Capital";TRUE;2675;"Capital";FALSE;5266;"Capital";TRUE;4222;"Return";TRUE;17994;"Return";TRUE;1221;"Capital";TRUE;9018;"Return";TRUE;7578;"Capital";TRUE;9733;"Return";TRUE;3484;"Capital";TRUE
"4";"P04";"without";11486;"Return";FALSE;5091;"Capital";TRUE;12536;"Capital";TRUE;4177;"Return";FALSE;11595;"Return";FALSE;10422;"Return";TRUE;9176;"Capital";TRUE;15548;"Capital";TRUE;21310;"Capital";TRUE;8265;"Return";FALSE;7004;"Capital";TRUE;5779;"Return";TRUE;7907;"Return";TRUE;13770;"Capital";TRUE;28106;"Return";TRUE;15769;"Capital";TRUE;10294;"Capital";TRUE;25763;"Capital";FALSE;17017;"Return";TRUE;26109;"Capital";TRUE;6564;"Return";FALSE;3673;"Return";FALSE;16125;"Return";TRUE;14940;"Return";TRUE;2931;"Return";TRUE;3293;"Return";TRUE;8560;"Return";TRUE;1399;"Return";TRUE;2979;"Capital";TRUE;4452;"Return";TRUE;15513;"Capital";TRUE;1132;"Return";TRUE;6722;"Capital";FALSE;12441;"Capital";TRUE;1081;"Return";TRUE;2664;"Return";TRUE;2878;"Return";TRUE;4452;"Return";TRUE;6983;"Capital";TRUE;6740;"Capital";TRUE;15099;"Return";TRUE;5762;"Capital";FALSE;14775;"Return";TRUE;23709;"Capital";FALSE;7920;"Capital";TRUE;3768;"Capital";TRUE;12698;"Return";TRUE;12222;"Return";TRUE;16616;"Return";FALSE;3806;"Return";FALSE;7245;"Capital";TRUE;8979;"Capital";FALSE;6797;"Return";FALSE;11764;"Return";TRUE;6733;"Capital";FALSE;14484;"Return";FALSE;16566;"Capital";FALSE;2860;"Capital";TRUE;9325;"Capital";FALSE;3945;"Return";FALSE
"5";"P05";"with";20975;"Capital";TRUE;2491;"Capital";TRUE;2273;"Capital";TRUE;1520;"Return";FALSE;2134;"Capital";TRUE;1059;"Return";TRUE;2239;"Return";FALSE;1167;"Capital";TRUE;1419;"Return";FALSE;2887;"Capital";TRUE;1765;"Capital";TRUE;2874;"Return";TRUE;1853;"Return";TRUE;2966;"Return";FALSE;2192;"Return";TRUE;860;"Capital";TRUE;1571;"Capital";TRUE;1627;"Return";TRUE;1545;"Return";TRUE;3269;"Capital";TRUE;2972;"Capital";TRUE;2110;"Return";FALSE;2287;"Return";TRUE;1606;"Return";TRUE;2664;"Return";TRUE;1030;"Return";TRUE;1920;"Return";TRUE;1315;"Return";TRUE;1719;"Capital";TRUE;1155;"Return";TRUE;2267;"Capital";TRUE;834;"Return";TRUE;1818;"Capital";FALSE;3123;"Return";FALSE;1919;"Return";TRUE;1124;"Return";TRUE;2280;"Return";TRUE;2224;"Capital";FALSE;3636;"Return";FALSE;1753;"Capital";TRUE;6578;"Return";TRUE;1495;"Return";TRUE;2166;"Capital";FALSE;2481;"Return";TRUE;1213;"Capital";TRUE;1905;"Capital";TRUE;1734;"Return";TRUE;2736;"Return";TRUE;3235;"Capital";TRUE;1572;"Capital";TRUE;4032;"Return";FALSE;5780;"Return";TRUE;2677;"Capital";TRUE;4897;"Return";TRUE;5633;"Return";TRUE;7983;"Capital";TRUE;6629;"Return";TRUE;4053;"Return";FALSE;2271;"Return";TRUE;3460;"Capital";TRUE
"6";"P06";"without";13029;"Return";FALSE;13842;"Return";FALSE;10161;"Return";FALSE;2948;"Capital";TRUE;7592;"Return";FALSE;9924;"Return";TRUE;4378;"Capital";TRUE;16170;"Capital";TRUE;9639;"Return";FALSE;15542;"Return";FALSE;14676;"Capital";TRUE;3823;"Return";TRUE;7278;"Return";TRUE;4822;"Capital";TRUE;7856;"Return";TRUE;4158;"Capital";TRUE;5190;"Capital";TRUE;11703;"Return";TRUE;2120;"Return";TRUE;4135;"Capital";TRUE;4372;"Capital";TRUE;5239;"Return";FALSE;9130;"Return";TRUE;8581;"Return";TRUE;2250;"Return";TRUE;11867;"Return";TRUE;8577;"Return";TRUE;10991;"Return";TRUE;7825;"Capital";TRUE;17205;"Capital";FALSE;7752;"Capital";TRUE;4349;"Return";TRUE;4181;"Capital";FALSE;4511;"Capital";TRUE;4298;"Return";TRUE;2042;"Return";TRUE;5150;"Return";TRUE;9311;"Capital";FALSE;5293;"Capital";TRUE;10548;"Return";FALSE;17287;"Return";TRUE;15688;"Capital";FALSE;17171;"Capital";FALSE;21649;"Return";TRUE;6386;"Capital";TRUE;4377;"Capital";TRUE;13317;"Return";TRUE;5190;"Return";TRUE;14157;"Capital";TRUE;9720;"Capital";TRUE;7176;"Return";FALSE;8248;"Capital";FALSE;9901;"Capital";TRUE;28973;"Capital";FALSE;11264;"Return";TRUE;24969;"Capital";TRUE;6288;"Return";TRUE;18426;"Capital";TRUE;7436;"Return";TRUE;5828;"Capital";TRUE
"7";"P07";"with";3000;"Capital";TRUE;2009;"Capital";TRUE;1232;"Capital";TRUE;636;"Return";FALSE;1249;"Capital";TRUE;920;"Return";TRUE;4294;"Capital";TRUE;1531;"Capital";TRUE;944;"Return";FALSE;2877;"Capital";TRUE;950;"Capital";TRUE;844;"Return";TRUE;1657;"Return";TRUE;1392;"Capital";TRUE;953;"Return";TRUE;880;"Capital";TRUE;984;"Capital";TRUE;887;"Return";TRUE;758;"Return";TRUE;963;"Capital";TRUE;3726;"Capital";TRUE;4316;"Capital";TRUE;9736;"Return";TRUE;1253;"Return";TRUE;3801;"Return";TRUE;2930;"Return";TRUE;14111;"Capital";FALSE;1552;"Return";TRUE;4873;"Capital";TRUE;3757;"Return";TRUE;6071;"Capital";TRUE;1254;"Return";TRUE;4380;"Capital";FALSE;4153;"Capital";TRUE;1212;"Return";TRUE;1240;"Return";TRUE;13741;"Return";TRUE;8028;"Return";TRUE;6654;"Capital";TRUE;8377;"Capital";TRUE;4905;"Return";TRUE;3084;"Return";TRUE;5832;"Capital";FALSE;8454;"Return";TRUE;3102;"Capital";TRUE;1842;"Capital";TRUE;14709;"Return";TRUE;7546;"Return";TRUE;18090;"Return";FALSE;2362;"Capital";TRUE;1996;"Capital";TRUE;3742;"Return";TRUE;1825;"Capital";TRUE;8676;"Return";TRUE;13104;"Return";TRUE;2377;"Capital";TRUE;13615;"Return";TRUE;1519;"Capital";TRUE;10965;"Return";TRUE;2128;"Capital";TRUE
"8";"P08";"without";3582;"Capital";TRUE;4783;"Return";FALSE;4628;"Return";FALSE;4137;"Return";FALSE;3524;"Capital";TRUE;3262;"Return";TRUE;5273;"Capital";TRUE;5456;"Return";FALSE;10497;"Return";FALSE;3238;"Capital";TRUE;7661;"Return";FALSE;10143;"Capital";FALSE;5291;"Return";TRUE;4908;"Capital";TRUE;6308;"Return";TRUE;9005;"Capital";TRUE;3918;"Return";FALSE;4610;"Return";TRUE;3588;"Return";TRUE;3478;"Capital";TRUE;6055;"Capital";TRUE;9781;"Capital";TRUE;5165;"Return";TRUE;11696;"Capital";FALSE;3353;"Return";TRUE;6770;"Return";TRUE;8369;"Return";TRUE;3823;"Return";TRUE;16761;"Return";FALSE;14415;"Capital";FALSE;15466;"Capital";TRUE;1430;"Return";TRUE;13049;"Capital";FALSE;15917;"Return";FALSE;2702;"Return";TRUE;15680;"Capital";FALSE;20334;"Capital";FALSE;8863;"Return";TRUE;7524;"Capital";TRUE;8140;"Capital";TRUE;5612;"Return";TRUE;6953;"Capital";FALSE;9873;"Capital";FALSE;6494;"Return";TRUE;4886;"Capital";TRUE;8950;"Capital";TRUE;9245;"Return";TRUE;7592;"Capital";FALSE;14070;"Capital";TRUE;3752;"Capital";TRUE;4041;"Return";FALSE;4377;"Return";TRUE;7199;"Capital";TRUE;8805;"Return";TRUE;7425;"Return";TRUE;4999;"Capital";TRUE;17630;"Return";TRUE;2808;"Capital";TRUE;19505;"Return";TRUE;6027;"Capital";TRUE
"9";"P09";"with";1566;"Capital";TRUE;1995;"Capital";TRUE;1632;"Capital";TRUE;1724;"Capital";TRUE;17959;"Capital";TRUE;1670;"Return";TRUE;13399;"Return";FALSE;1057;"Capital";TRUE;2212;"Return";FALSE;3928;"Capital";TRUE;780;"Capital";TRUE;711;"Return";TRUE;4725;"Capital";FALSE;8341;"Capital";TRUE;775;"Return";TRUE;2326;"Capital";TRUE;762;"Capital";TRUE;681;"Return";TRUE;804;"Return";TRUE;730;"Capital";TRUE;6430;"Capital";TRUE;8475;"Capital";TRUE;3802;"Capital";FALSE;2342;"Return";TRUE;3055;"Return";TRUE;1488;"Return";TRUE;27662;"Return";TRUE;1335;"Return";TRUE;12781;"Capital";TRUE;3945;"Return";TRUE;3156;"Capital";TRUE;3021;"Return";TRUE;2695;"Capital";FALSE;25860;"Capital";TRUE;1183;"Return";TRUE;1085;"Return";TRUE;7419;"Return";TRUE;28607;"Return";TRUE;3443;"Capital";TRUE;1915;"Capital";TRUE;21239;"Capital";FALSE;38048;"Capital";FALSE;44967;"Capital";FALSE;9828;"Return";TRUE;19631;"Capital";TRUE;6594;"Capital";TRUE;20433;"Return";TRUE;6429;"Return";TRUE;22733;"Return";FALSE;4474;"Capital";TRUE;31108;"Capital";TRUE;11288;"Return";TRUE;5176;"Capital";TRUE;24828;"Return";TRUE;13481;"Capital";FALSE;7264;"Capital";TRUE;25200;"Return";TRUE;7744;"Return";FALSE;13197;"Return";TRUE;8095;"Capital";TRUE
"10";"P10";"with";4823;"Capital";TRUE;7242;"Return";FALSE;4492;"Return";FALSE;4616;"Capital";TRUE;2202;"Return";FALSE;3032;"Return";TRUE;3314;"Return";FALSE;7811;"Return";FALSE;4626;"Capital";TRUE;2815;"Capital";TRUE;1212;"Capital";TRUE;762;"Return";TRUE;837;"Return";TRUE;3648;"Capital";TRUE;2068;"Return";TRUE;1361;"Capital";TRUE;2819;"Capital";TRUE;584;"Return";TRUE;787;"Return";TRUE;1211;"Capital";TRUE;3056;"Capital";TRUE;5713;"Capital";TRUE;4532;"Return";TRUE;6116;"Return";TRUE;2473;"Return";TRUE;1188;"Return";TRUE;4956;"Return";TRUE;2777;"Return";TRUE;3984;"Capital";TRUE;1254;"Return";TRUE;3870;"Capital";TRUE;2296;"Return";TRUE;1587;"Capital";FALSE;5258;"Return";FALSE;1933;"Return";TRUE;1694;"Return";TRUE;3834;"Return";TRUE;3415;"Return";TRUE;4855;"Capital";TRUE;3504;"Capital";TRUE;12402;"Return";TRUE;11494;"Return";TRUE;9111;"Capital";FALSE;11813;"Capital";FALSE;10818;"Capital";TRUE;2087;"Capital";TRUE;3562;"Return";TRUE;2219;"Return";TRUE;6288;"Return";FALSE;11259;"Capital";TRUE;3055;"Capital";TRUE;4233;"Return";TRUE;2018;"Return";FALSE;7766;"Return";TRUE;6651;"Return";TRUE;2323;"Capital";TRUE;6086;"Return";TRUE;3630;"Capital";TRUE;4603;"Return";TRUE;2087;"Capital";TRUE
"11";"P11";"without";13439;"Capital";TRUE;6103;"Return";FALSE;12723;"Return";FALSE;4091;"Capital";TRUE;4545;"Return";FALSE;13264;"Return";TRUE;15134;"Capital";TRUE;7675;"Return";FALSE;4745;"Capital";TRUE;24686;"Capital";TRUE;4988;"Capital";TRUE;3577;"Capital";FALSE;2010;"Return";TRUE;11024;"Return";FALSE;6867;"Return";TRUE;10919;"Capital";TRUE;4056;"Capital";TRUE;3509;"Capital";FALSE;1127;"Capital";FALSE;4532;"Return";FALSE;9887;"Capital";TRUE;14525;"Return";FALSE;13406;"Capital";FALSE;4280;"Return";TRUE;4791;"Return";TRUE;2148;"Return";TRUE;14737;"Return";TRUE;13256;"Return";TRUE;5434;"Capital";TRUE;4658;"Return";TRUE;9659;"Capital";TRUE;1617;"Return";TRUE;5643;"Capital";FALSE;10970;"Capital";TRUE;1937;"Return";TRUE;1524;"Return";TRUE;7303;"Return";TRUE;7114;"Return";TRUE;12511;"Capital";TRUE;8561;"Capital";TRUE;29513;"Capital";FALSE;7601;"Return";TRUE;21452;"Capital";FALSE;23984;"Return";TRUE;5715;"Capital";TRUE;5553;"Capital";TRUE;10231;"Return";TRUE;7692;"Return";TRUE;13403;"Capital";TRUE;4389;"Capital";TRUE;18050;"Capital";TRUE;6579;"Return";TRUE;3693;"Capital";TRUE;26115;"Capital";FALSE;7214;"Return";TRUE;9679;"Capital";TRUE;21398;"Return";TRUE;5595;"Capital";TRUE;7056;"Return";TRUE;18952;"Return";FALSE
"12";"P12";"without";5148;"Return";FALSE;1892;"Capital";TRUE;4039;"Capital";TRUE;3088;"Return";FALSE;1906;"Capital";TRUE;3125;"Return";TRUE;9265;"Capital";TRUE;5076;"Capital";TRUE;6431;"Return";FALSE;5625;"Capital";TRUE;1045;"Capital";TRUE;1182;"Return";TRUE;1119;"Return";TRUE;1371;"Capital";TRUE;1250;"Return";TRUE;850;"Capital";TRUE;716;"Capital";TRUE;965;"Return";TRUE;718;"Return";TRUE;595;"Capital";TRUE;7684;"Capital";TRUE;8175;"Capital";TRUE;10995;"Capital";FALSE;4767;"Return";TRUE;1427;"Return";TRUE;3385;"Return";TRUE;16728;"Return";TRUE;2847;"Return";TRUE;5533;"Capital";TRUE;3155;"Return";TRUE;17496;"Capital";TRUE;1358;"Return";TRUE;4880;"Capital";FALSE;9529;"Capital";TRUE;1341;"Return";TRUE;2136;"Return";TRUE;13475;"Return";TRUE;5200;"Return";TRUE;6963;"Capital";TRUE;2558;"Capital";TRUE;22625;"Return";TRUE;5778;"Return";TRUE;9792;"Return";TRUE;19953;"Capital";FALSE;5235;"Capital";TRUE;868;"Capital";TRUE;13272;"Capital";FALSE;5145;"Return";TRUE;14792;"Capital";TRUE;1519;"Capital";TRUE;3838;"Capital";TRUE;28017;"Return";TRUE;3786;"Capital";TRUE;5157;"Return";TRUE;30722;"Return";TRUE;8889;"Capital";TRUE;11742;"Return";TRUE;4618;"Capital";TRUE;15581;"Return";TRUE;4072;"Capital";TRUE
"13";"P13";"with";1883;"Capital";TRUE;1206;"Capital";TRUE;2102;"Capital";TRUE;5587;"Capital";TRUE;13679;"Return";FALSE;945;"Return";TRUE;5972;"Capital";TRUE;1795;"Capital";TRUE;16420;"Capital";TRUE;1519;"Capital";TRUE;868;"Capital";TRUE;1002;"Return";TRUE;1139;"Return";TRUE;1471;"Capital";TRUE;4187;"Return";TRUE;1112;"Capital";TRUE;805;"Capital";TRUE;1050;"Return";TRUE;951;"Return";TRUE;900;"Capital";TRUE;5128;"Capital";TRUE;12878;"Return";FALSE;10099;"Return";TRUE;3423;"Return";TRUE;2980;"Return";TRUE;9276;"Return";TRUE;10499;"Return";TRUE;1432;"Return";TRUE;3904;"Capital";TRUE;2531;"Return";TRUE;3041;"Capital";TRUE;1105;"Return";TRUE;4765;"Capital";FALSE;9633;"Capital";TRUE;1021;"Return";TRUE;2448;"Return";TRUE;4180;"Return";TRUE;2451;"Return";TRUE;6943;"Capital";TRUE;5783;"Capital";TRUE;11567;"Capital";FALSE;9612;"Return";TRUE;5639;"Capital";FALSE;9916;"Return";TRUE;2048;"Capital";TRUE;1397;"Capital";TRUE;10672;"Return";TRUE;13786;"Capital";FALSE;7278;"Capital";TRUE;3991;"Capital";TRUE;5156;"Capital";TRUE;5650;"Return";TRUE;2045;"Capital";TRUE;7889;"Return";TRUE;11740;"Return";TRUE;1342;"Capital";TRUE;7291;"Return";TRUE;1489;"Capital";TRUE;7037;"Return";TRUE;3600;"Capital";TRUE
"14";"P14";"without";16904;"Capital";TRUE;19356;"Capital";TRUE;8991;"Capital";TRUE;8984;"Return";FALSE;11563;"Capital";TRUE;10459;"Return";TRUE;3224;"Capital";TRUE;6235;"Capital";TRUE;5631;"Capital";TRUE;3107;"Capital";TRUE;6142;"Return";FALSE;14781;"Return";TRUE;3050;"Return";TRUE;1743;"Capital";TRUE;3794;"Return";TRUE;2999;"Capital";TRUE;10532;"Return";FALSE;5724;"Return";TRUE;4010;"Return";TRUE;6830;"Return";FALSE;19789;"Return";FALSE;17337;"Return";FALSE;6011;"Capital";FALSE;24055;"Return";TRUE;4718;"Return";TRUE;5869;"Return";TRUE;14185;"Capital";FALSE;3143;"Return";TRUE;28251;"Capital";TRUE;6801;"Return";TRUE;7030;"Capital";TRUE;2241;"Return";TRUE;9303;"Return";TRUE;10403;"Capital";TRUE;2939;"Return";TRUE;3314;"Return";TRUE;7494;"Return";TRUE;3057;"Return";TRUE;4397;"Capital";TRUE;6001;"Return";FALSE;25983;"Return";TRUE;5999;"Return";TRUE;17933;"Capital";FALSE;18441;"Return";TRUE;9089;"Capital";TRUE;19986;"Capital";TRUE;23402;"Return";TRUE;9811;"Return";TRUE;10447;"Return";FALSE;4870;"Capital";TRUE;29031;"Capital";TRUE;12799;"Return";TRUE;4929;"Capital";TRUE;21562;"Return";TRUE;16875;"Return";TRUE;6938;"Capital";TRUE;17970;"Return";TRUE;8765;"Return";FALSE;10195;"Return";TRUE;4839;"Capital";TRUE
"15";"P15";"with";3279;"Capital";TRUE;5436;"Capital";TRUE;1937;"Capital";TRUE;2282;"Capital";TRUE;1111;"Capital";TRUE;761;"Return";TRUE;3172;"Capital";TRUE;900;"Capital";TRUE;3808;"Return";FALSE;1656;"Capital";TRUE;814;"Capital";TRUE;2182;"Return";TRUE;2493;"Return";TRUE;1795;"Capital";TRUE;1333;"Return";TRUE;1071;"Capital";TRUE;933;"Capital";TRUE;857;"Return";TRUE;695;"Return";TRUE;943;"Capital";TRUE;1707;"Capital";TRUE;5734;"Return";FALSE;1477;"Capital";FALSE;1376;"Return";TRUE;4471;"Return";TRUE;1240;"Return";TRUE;4742;"Return";TRUE;739;"Return";TRUE;5288;"Capital";TRUE;1410;"Return";TRUE;3489;"Capital";TRUE;1026;"Capital";FALSE;1527;"Capital";FALSE;3243;"Capital";TRUE;801;"Return";TRUE;784;"Return";TRUE;1259;"Return";TRUE;3712;"Capital";FALSE;2548;"Capital";TRUE;5907;"Capital";TRUE;3272;"Capital";FALSE;2599;"Return";TRUE;3664;"Return";TRUE;3682;"Capital";FALSE;1572;"Capital";TRUE;1011;"Capital";TRUE;2347;"Return";TRUE;2115;"Return";TRUE;1428;"Capital";TRUE;810;"Capital";TRUE;1531;"Return";FALSE;1742;"Return";TRUE;806;"Capital";TRUE;2510;"Return";TRUE;4689;"Capital";FALSE;850;"Capital";TRUE;1376;"Return";TRUE;794;"Capital";TRUE;949;"Return";TRUE;1078;"Capital";TRUE
"16";"P16";"without";11280;"Capital";TRUE;10395;"Return";FALSE;7571;"Capital";TRUE;3765;"Return";FALSE;7228;"Capital";TRUE;918;"Return";TRUE;875;"Return";FALSE;1586;"Capital";TRUE;3147;"Return";FALSE;7245;"Capital";TRUE;700;"Capital";TRUE;525;"Return";TRUE;784;"Return";TRUE;777;"Return";FALSE;772;"Return";TRUE;2482;"Capital";TRUE;2900;"Capital";TRUE;842;"Return";TRUE;2677;"Return";TRUE;2744;"Capital";TRUE;707;"Space";FALSE;10257;"Capital";TRUE;4699;"Capital";FALSE;15909;"Return";TRUE;1330;"Return";TRUE;2310;"Return";TRUE;11968;"Return";TRUE;919;"Return";TRUE;2500;"Capital";TRUE;2260;"Return";TRUE;4082;"Capital";TRUE;1114;"Return";TRUE;7093;"Capital";FALSE;17263;"Return";FALSE;942;"Return";TRUE;4150;"Return";TRUE;12683;"Return";TRUE;5274;"Capital";FALSE;7873;"Capital";TRUE;4768;"Capital";TRUE;19421;"Return";TRUE;37411;"Return";TRUE;32363;"Capital";FALSE;21206;"Return";TRUE;34300;"Return";FALSE;1660;"Return";FALSE;6270;"Capital";FALSE;17438;"Capital";FALSE;1927;"Return";FALSE;19283;"Return";FALSE;2490;"Capital";TRUE;7464;"Capital";FALSE;3423;"Return";FALSE;13814;"Return";TRUE;5495;"Capital";FALSE;1656;"Return";FALSE;8029;"Return";TRUE;4760;"Capital";TRUE;3135;"Return";TRUE;1616;"Return";FALSE
"17";"P17";"with";2711;"Capital";TRUE;2043;"Capital";TRUE;5698;"Capital";TRUE;3755;"Capital";TRUE;1911;"Return";FALSE;1965;"Return";TRUE;5141;"Return";FALSE;4567;"Return";FALSE;6753;"Capital";TRUE;1834;"Return";FALSE;4284;"Capital";TRUE;3060;"Return";TRUE;1932;"Return";TRUE;2690;"Return";FALSE;6184;"Return";TRUE;3775;"Capital";TRUE;1600;"Capital";TRUE;5829;"Return";TRUE;3050;"Return";TRUE;1558;"Capital";TRUE;1605;"Capital";TRUE;3215;"Return";FALSE;1993;"Return";TRUE;2698;"Return";TRUE;3168;"Return";TRUE;2147;"Return";TRUE;2504;"Capital";FALSE;4718;"Return";TRUE;7008;"Capital";TRUE;5111;"Return";TRUE;8794;"Capital";TRUE;3157;"Return";TRUE;9500;"Capital";FALSE;10944;"Capital";TRUE;3002;"Return";TRUE;1964;"Return";TRUE;2766;"Return";TRUE;9512;"Return";TRUE;8892;"Capital";TRUE;7945;"Capital";TRUE;8423;"Return";TRUE;4472;"Return";TRUE;5305;"Capital";FALSE;5704;"Return";TRUE;6447;"Capital";TRUE;8561;"Capital";TRUE;6511;"Return";TRUE;9351;"Capital";FALSE;6849;"Capital";TRUE;7498;"Capital";TRUE;5504;"Return";FALSE;11189;"Return";TRUE;4137;"Capital";TRUE;6677;"Return";TRUE;8236;"Return";TRUE;2744;"Capital";TRUE;8911;"Return";TRUE;3490;"Capital";TRUE;6971;"Capital";FALSE;3037;"Capital";TRUE
"18";"P18";"without";22699;"Return";FALSE;7999;"Capital";TRUE;18487;"Capital";TRUE;5433;"Return";FALSE;6680;"Capital";TRUE;8093;"Capital";FALSE;7062;"Capital";TRUE;7561;"Return";FALSE;8563;"Capital";TRUE;7210;"Return";FALSE;4644;"Capital";TRUE;6189;"Capital";FALSE;3726;"Return";TRUE;5073;"Capital";TRUE;4564;"Capital";FALSE;3598;"Return";FALSE;2522;"Capital";TRUE;5338;"Capital";FALSE;6477;"Return";TRUE;4687;"Capital";TRUE;14660;"Capital";TRUE;2491;"Return";FALSE;4037;"Return";TRUE;3459;"Return";TRUE;1251;"Return";TRUE;4010;"Return";TRUE;1454;"Capital";FALSE;3948;"Capital";FALSE;6174;"Capital";TRUE;6716;"Return";TRUE;2776;"Capital";TRUE;4647;"Return";TRUE;2664;"Return";TRUE;5356;"Capital";TRUE;3992;"Return";TRUE;1596;"Return";TRUE;3731;"Return";TRUE;8031;"Return";TRUE;2735;"Capital";TRUE;2347;"Capital";TRUE;5258;"Capital";FALSE;13212;"Capital";FALSE;4632;"Return";TRUE;1800;"Return";TRUE;3097;"Capital";TRUE;1059;"Capital";TRUE;1800;"Return";TRUE;1371;"Return";TRUE;8737;"Return";FALSE;3270;"Capital";TRUE;2102;"Capital";TRUE;5998;"Return";TRUE;5021;"Capital";TRUE;5137;"Return";TRUE;8527;"Return";TRUE;2851;"Capital";TRUE;1767;"Return";TRUE;2798;"Capital";TRUE;1501;"Return";TRUE;5145;"Capital";TRUE
"19";"P19";"with";3504;"Capital";TRUE;8314;"Capital";TRUE;7657;"Capital";TRUE;7773;"Capital";TRUE;10239;"Capital";TRUE;2545;"Return";TRUE;8144;"Capital";TRUE;5126;"Capital";TRUE;8712;"Capital";TRUE;16559;"Capital";TRUE;3410;"Capital";TRUE;3982;"Return";TRUE;2990;"Return";TRUE;2178;"Capital";TRUE;3036;"Return";TRUE;2880;"Capital";TRUE;1575;"Capital";TRUE;1305;"Return";TRUE;1526;"Return";TRUE;1272;"Capital";TRUE;3303;"Capital";TRUE;8939;"Capital";TRUE;7934;"Capital";FALSE;11343;"Return";TRUE;4399;"Return";TRUE;4748;"Return";TRUE;10378;"Return";TRUE;2702;"Return";TRUE;2024;"Capital";TRUE;1709;"Return";TRUE;3938;"Capital";TRUE;1353;"Return";TRUE;2781;"Capital";FALSE;4948;"Capital";TRUE;1053;"Return";TRUE;1970;"Return";TRUE;13303;"Return";TRUE;10706;"Capital";FALSE;5142;"Capital";TRUE;10530;"Capital";TRUE;5248;"Return";TRUE;2680;"Return";TRUE;7234;"Capital";FALSE;6247;"Return";TRUE;3289;"Capital";TRUE;2346;"Capital";TRUE;15152;"Return";TRUE;2942;"Return";TRUE;10316;"Return";FALSE;5504;"Capital";TRUE;3360;"Capital";TRUE;4083;"Return";TRUE;3759;"Capital";TRUE;3404;"Return";TRUE;8627;"Capital";FALSE;2589;"Capital";TRUE;2894;"Return";TRUE;2463;"Capital";TRUE;6354;"Return";TRUE;4021;"Capital";TRUE
"20";"P20";"without";10406;"Capital";TRUE;4788;"Return";FALSE;3869;"Return";FALSE;1193;"Capital";TRUE;2139;"Return";FALSE;6747;"Return";TRUE;4002;"Capital";TRUE;6423;"Return";FALSE;10080;"Return";FALSE;5171;"Return";FALSE;1247;"Capital";TRUE;5811;"Capital";FALSE;1435;"Return";TRUE;8507;"Capital";TRUE;1845;"Return";TRUE;3102;"Capital";TRUE;1568;"Capital";TRUE;10791;"Capital";FALSE;1670;"Return";TRUE;2854;"Capital";TRUE;6634;"Capital";TRUE;7200;"Return";FALSE;14611;"Capital";FALSE;12623;"Capital";FALSE;3013;"Return";TRUE;4357;"Return";TRUE;6497;"Return";TRUE;5264;"Return";TRUE;5743;"Capital";TRUE;9704;"Return";TRUE;3578;"Capital";TRUE;2407;"Return";TRUE;4341;"Capital";FALSE;7090;"Capital";TRUE;3337;"Return";TRUE;2668;"Return";TRUE;11237;"Return";TRUE;18554;"Return";TRUE;4604;"Capital";TRUE;4907;"Capital";TRUE;15109;"Capital";FALSE;14181;"Return";TRUE;27580;"Return";TRUE;12126;"Capital";FALSE;5656;"Return";FALSE;8417;"Return";FALSE;6898;"Capital";FALSE;8298;"Capital";FALSE;17982;"Return";FALSE;6109;"Return";FALSE;8135;"Return";FALSE;9954;"Capital";FALSE;5799;"Return";FALSE;13972;"Capital";FALSE;18410;"Capital";FALSE;2903;"Return";FALSE;15345;"Capital";FALSE;4613;"Capital";TRUE;8061;"Capital";FALSE;3115;"Return";FALSE
"21";"P21";"with";2173;"Capital";TRUE;4152;"Capital";TRUE;1802;"Capital";TRUE;1215;"Capital";TRUE;1361;"Capital";TRUE;834;"Return";TRUE;1823;"Capital";TRUE;1143;"Capital";TRUE;954;"Return";FALSE;4326;"Capital";TRUE;1280;"Capital";TRUE;3633;"Return";TRUE;1703;"Return";TRUE;2461;"Capital";TRUE;1174;"Return";TRUE;862;"Capital";TRUE;783;"Capital";TRUE;1452;"Return";TRUE;1950;"Return";TRUE;1090;"Capital";TRUE;3424;"Capital";TRUE;16730;"Capital";TRUE;9065;"Capital";FALSE;2309;"Return";TRUE;1954;"Return";TRUE;2222;"Return";TRUE;14307;"Capital";FALSE;4974;"Return";TRUE;5153;"Capital";TRUE;1896;"Return";TRUE;4413;"Capital";TRUE;1050;"Return";TRUE;3699;"Capital";FALSE;9437;"Return";FALSE;989;"Return";TRUE;873;"Return";TRUE;1546;"Return";TRUE;7458;"Return";TRUE;2852;"Capital";TRUE;7591;"Capital";TRUE;4140;"Return";TRUE;7613;"Return";TRUE;5732;"Capital";FALSE;4968;"Return";TRUE;3688;"Capital";TRUE;1109;"Capital";TRUE;10547;"Return";TRUE;3077;"Return";TRUE;16253;"Return";FALSE;2237;"Capital";TRUE;7052;"Return";FALSE;2156;"Return";TRUE;2357;"Capital";TRUE;22170;"Return";TRUE;14081;"Capital";FALSE;1747;"Capital";TRUE;2319;"Return";TRUE;14456;"Capital";TRUE;4172;"Capital";FALSE;6678;"Capital";TRUE
"22";"P22";"without";10359;"Capital";TRUE;6389;"Return";FALSE;2822;"Return";FALSE;1218;"Capital";TRUE;1240;"Return";FALSE;5861;"Capital";FALSE;4252;"Return";FALSE;4254;"Capital";TRUE;7232;"Capital";TRUE;4785;"Capital";TRUE;5158;"Capital";TRUE;9488;"Capital";FALSE;1397;"Return";TRUE;4775;"Return";FALSE;5937;"Capital";FALSE;1697;"Capital";TRUE;2197;"Capital";TRUE;4192;"Capital";FALSE;2661;"Capital";FALSE;3232;"Return";FALSE;3904;"Capital";TRUE;5863;"Return";FALSE;4827;"Capital";FALSE;10190;"Capital";FALSE;2341;"Return";TRUE;1854;"Return";TRUE;4738;"Return";TRUE;1952;"Return";TRUE;5703;"Capital";TRUE;2879;"Return";TRUE;4937;"Capital";TRUE;1960;"Return";TRUE;16074;"Return";TRUE;3092;"Capital";TRUE;1525;"Return";TRUE;930;"Return";TRUE;16451;"Capital";FALSE;7554;"Return";TRUE;6097;"Capital";TRUE;21345;"Capital";TRUE;21615;"Capital";FALSE;13217;"Capital";FALSE;6085;"Return";TRUE;9241;"Capital";FALSE;3455;"Return";FALSE;3240;"Return";FALSE;9815;"Capital";FALSE;3711;"Capital";FALSE;7621;"Capital";TRUE;6438;"Capital";TRUE;3230;"Return";FALSE;3497;"Return";TRUE;3592;"Capital";TRUE;14173;"Return";TRUE;13921;"Return";TRUE;4758;"Capital";TRUE;5474;"Return";TRUE;5514;"Return";FALSE;12169;"Return";TRUE;2332;"Capital";TRUE
"23";"P23";"with";12524;"Capital";TRUE;7589;"Capital";TRUE;5702;"Capital";TRUE;4287;"Return";FALSE;4750;"Capital";TRUE;3709;"Return";TRUE;5187;"Return";FALSE;5379;"Capital";TRUE;6066;"Return";FALSE;5681;"Capital";TRUE;4454;"Return";FALSE;4098;"Return";TRUE;5492;"Return";TRUE;5692;"Capital";TRUE;5079;"Return";TRUE;6145;"Capital";TRUE;5564;"Return";FALSE;5950;"Return";TRUE;4133;"Return";TRUE;5798;"Capital";TRUE;6148;"Capital";TRUE;17935;"Capital";TRUE;7766;"Return";TRUE;3324;"Return";TRUE;6340;"Return";TRUE;6237;"Return";TRUE;7124;"Return";TRUE;3808;"Return";TRUE;11158;"Capital";TRUE;8749;"Return";TRUE;7281;"Capital";TRUE;3457;"Return";TRUE;9898;"Capital";FALSE;11240;"Capital";TRUE;2817;"Return";TRUE;4993;"Return";TRUE;6846;"Return";TRUE;5054;"Return";TRUE;12159;"Capital";TRUE;12904;"Return";FALSE;8016;"Return";TRUE;6581;"Return";TRUE;8447;"Return";TRUE;9294;"Capital";FALSE;8924;"Capital";TRUE;3469;"Capital";TRUE;6387;"Return";TRUE;5442;"Return";TRUE;6413;"Capital";TRUE;3934;"Capital";TRUE;7407;"Capital";TRUE;4656;"Return";TRUE;4635;"Capital";TRUE;11041;"Return";TRUE;11859;"Return";TRUE;3009;"Capital";TRUE;13459;"Return";TRUE;3870;"Return";FALSE;9600;"Capital";FALSE;3392;"Return";FALSE
"24";"P24";"without";13858;"Return";FALSE;14308;"Capital";TRUE;5913;"Return";FALSE;12791;"Capital";TRUE;11161;"Capital";TRUE;18110;"Capital";FALSE;6144;"Return";FALSE;3699;"Return";FALSE;6292;"Capital";TRUE;6057;"Capital";TRUE;5601;"Capital";TRUE;7418;"Return";TRUE;9485;"Return";TRUE;4924;"Capital";TRUE;4631;"Capital";FALSE;7590;"Return";FALSE;2864;"Return";FALSE;2412;"Return";TRUE;4249;"Return";TRUE;1604;"Capital";TRUE;11646;"Capital";TRUE;13776;"Return";FALSE;13031;"Capital";FALSE;9690;"Return";TRUE;3941;"Return";TRUE;11457;"Return";TRUE;8436;"Return";TRUE;5573;"Return";TRUE;10521;"Capital";TRUE;15076;"Return";TRUE;9571;"Capital";TRUE;4449;"Return";TRUE;11722;"Capital";FALSE;12827;"Capital";TRUE;3361;"Return";TRUE;5993;"Return";TRUE;16404;"Return";TRUE;10383;"Return";TRUE;12716;"Capital";TRUE;13908;"Return";FALSE;23172;"Capital";FALSE;10269;"Capital";FALSE;3901;"Return";TRUE;9111;"Return";TRUE;12456;"Capital";TRUE;1970;"Return";FALSE;7484;"Return";TRUE;6661;"Return";TRUE;3289;"Capital";TRUE;3003;"Capital";TRUE;5204;"Return";FALSE;3961;"Capital";FALSE;7541;"Return";FALSE;6483;"Capital";FALSE;7348;"Capital";FALSE;3955;"Return";FALSE;7349;"Capital";FALSE;2204;"Return";FALSE;9649;"Capital";FALSE;2227;"Return";FALSE
"25";"P25";"with";4468;"Capital";TRUE;2901;"Capital";TRUE;3726;"Capital";TRUE;4850;"Capital";TRUE;9156;"Capital";TRUE;2875;"Return";TRUE;4886;"Capital";TRUE;4970;"Capital";TRUE;3595;"Return";FALSE;2908;"Capital";TRUE;2423;"Capital";TRUE;1642;"Return";TRUE;2359;"Return";TRUE;2735;"Capital";TRUE;2511;"Return";TRUE;1506;"Capital";TRUE;2357;"Capital";TRUE;1815;"Return";TRUE;1408;"Return";TRUE;1643;"Capital";TRUE;6650;"Capital";TRUE;5029;"Return";FALSE;6593;"Return";TRUE;7155;"Return";TRUE;2741;"Return";TRUE;5593;"Return";TRUE;12272;"Return";TRUE;3522;"Return";TRUE;5471;"Capital";TRUE;5133;"Return";TRUE;12800;"Capital";TRUE;4032;"Return";TRUE;6236;"Capital";FALSE;10244;"Return";FALSE;2785;"Return";TRUE;2753;"Return";TRUE;4159;"Return";TRUE;12019;"Capital";FALSE;6974;"Capital";TRUE;6561;"Capital";TRUE;31336;"Return";TRUE;18652;"Return";TRUE;14656;"Capital";FALSE;15773;"Return";TRUE;5135;"Capital";TRUE;5571;"Capital";TRUE;11456;"Return";TRUE;6755;"Return";TRUE;12789;"Capital";TRUE;3808;"Capital";TRUE;22508;"Return";FALSE;6564;"Return";TRUE;3137;"Capital";TRUE;15583;"Return";TRUE;24063;"Return";TRUE;3863;"Capital";TRUE;10821;"Return";TRUE;7933;"Return";FALSE;13055;"Capital";FALSE;5755;"Capital";TRUE
"26";"P26";"without";5335;"Capital";TRUE;12166;"Return";FALSE;15955;"Return";FALSE;5526;"Capital";TRUE;5351;"Return";FALSE;6817;"Return";TRUE;13530;"Return";FALSE;8891;"Return";FALSE;16536;"Return";FALSE;6889;"Return";FALSE;3358;"Capital";TRUE;7947;"Return";TRUE;5658;"Return";TRUE;14549;"Return";FALSE;15220;"Return";TRUE;2971;"Capital";TRUE;4802;"Capital";TRUE;12772;"Capital";FALSE;6796;"Capital";FALSE;4819;"Capital";TRUE;11246;"Capital";TRUE;10679;"Return";FALSE;5819;"Return";TRUE;5676;"Return";TRUE;5849;"Return";TRUE;4284;"Return";TRUE;6380;"Return";TRUE;6342;"Return";TRUE;5513;"Capital";TRUE;3373;"Return";TRUE;3720;"Capital";TRUE;2581;"Return";TRUE;5188;"Capital";FALSE;8333;"Capital";TRUE;4233;"Return";TRUE;5281;"Return";TRUE;6416;"Return";TRUE;7848;"Capital";FALSE;4173;"Capital";TRUE;3508;"Capital";TRUE;27210;"Return";TRUE;6297;"Return";TRUE;10582;"Capital";FALSE;15814;"Return";TRUE;4116;"Capital";TRUE;2475;"Capital";TRUE;13346;"Return";TRUE;4595;"Return";TRUE;7643;"Capital";TRUE;4166;"Return";FALSE;13479;"Capital";TRUE;7516;"Return";TRUE;6770;"Capital";TRUE;6800;"Return";TRUE;8367;"Return";TRUE;4564;"Capital";TRUE;9702;"Return";TRUE;5929;"Return";FALSE;28610;"Capital";FALSE;10043;"Capital";TRUE
"27";"P27";"with";6095;"Capital";TRUE;2402;"Capital";TRUE;1907;"Capital";TRUE;1554;"Capital";TRUE;2822;"Capital";TRUE;888;"Return";TRUE;1550;"Capital";TRUE;1445;"Capital";TRUE;1069;"Return";FALSE;2754;"Capital";TRUE;924;"Capital";TRUE;1833;"Return";TRUE;1961;"Return";TRUE;1264;"Capital";TRUE;900;"Return";TRUE;1428;"Capital";TRUE;1092;"Capital";TRUE;1507;"Return";TRUE;2648;"Return";TRUE;1183;"Capital";TRUE;7979;"Capital";TRUE;17385;"Capital";TRUE;25368;"Return";TRUE;4371;"Return";TRUE;6556;"Return";TRUE;3979;"Return";TRUE;13924;"Capital";FALSE;2152;"Return";TRUE;10305;"Capital";TRUE;3190;"Return";TRUE;12063;"Capital";TRUE;1786;"Return";TRUE;7657;"Capital";FALSE;23827;"Return";FALSE;2028;"Return";TRUE;2562;"Return";TRUE;3704;"Return";TRUE;9351;"Capital";FALSE;10727;"Capital";TRUE;10535;"Capital";TRUE;19958;"Return";TRUE;9519;"Return";TRUE;11155;"Return";TRUE;13976;"Return";TRUE;7079;"Capital";TRUE;2670;"Capital";TRUE;24533;"Return";TRUE;11230;"Return";TRUE;12657;"Capital";TRUE;4767;"Capital";TRUE;5221;"Return";FALSE;9653;"Return";TRUE;4853;"Capital";TRUE;21414;"Return";TRUE;19133;"Return";TRUE;6113;"Capital";TRUE;39948;"Return";TRUE;4827;"Return";FALSE;12930;"Return";TRUE;4443;"Capital";TRUE
"28";"P28";"without";5721;"Capital";TRUE;4385;"Return";FALSE;2282;"Capital";TRUE;4223;"Capital";TRUE;8086;"Capital";TRUE;5023;"Capital";FALSE;4174;"Capital";TRUE;7039;"Capital";TRUE;29056;"Capital";TRUE;5839;"Capital";TRUE;2297;"Capital";TRUE;3292;"Return";TRUE;15446;"Capital";FALSE;3215;"Capital";TRUE;14096;"Capital";FALSE;3714;"Capital";TRUE;1413;"Capital";TRUE;2062;"Return";TRUE;1628;"Return";TRUE;1394;"Capital";TRUE;29099;"Capital";TRUE;25517;"Return";FALSE;23219;"Return";TRUE;5970;"Return";TRUE;2628;"Return";TRUE;6318;"Return";TRUE;27898;"Return";TRUE;10309;"Return";TRUE;6201;"Capital";TRUE;9804;"Return";TRUE;12324;"Capital";TRUE;6050;"Return";TRUE;10906;"Capital";FALSE;34741;"Return";FALSE;4746;"Return";TRUE;4113;"Return";TRUE;40098;"Return";TRUE;18852;"Return";TRUE;13196;"Capital";TRUE;12073;"Return";FALSE;20715;"Return";TRUE;23754;"Capital";FALSE;38095;"Capital";FALSE;36971;"Capital";FALSE;20954;"Capital";TRUE;16137;"Capital";TRUE;33504;"Capital";FALSE;7239;"Return";TRUE;22702;"Return";FALSE;4815;"Capital";TRUE;10359;"Capital";TRUE;2826;"Return";TRUE;4357;"Capital";TRUE;28532;"Return";TRUE;45298;"Return";TRUE;2455;"Capital";TRUE;12118;"Return";TRUE;12681;"Return";FALSE;12423;"Return";TRUE;6581;"Capital";TRUE
"29";"P29";"with";5627;"Capital";TRUE;1930;"Capital";TRUE;4951;"Capital";TRUE;6107;"Capital";TRUE;3250;"Return";FALSE;1823;"Return";TRUE;9245;"Return";FALSE;1553;"Capital";TRUE;7544;"Return";FALSE;4406;"Capital";TRUE;1792;"Capital";TRUE;1236;"Return";TRUE;2492;"Return";TRUE;12512;"Return";FALSE;868;"Return";TRUE;3766;"Capital";TRUE;2379;"Capital";TRUE;1160;"Return";TRUE;1331;"Return";TRUE;1452;"Capital";TRUE;6222;"Capital";TRUE;8150;"Capital";TRUE;5490;"Capital";FALSE;8203;"Return";TRUE;2363;"Return";TRUE;2707;"Return";TRUE;9011;"Return";TRUE;1083;"Return";TRUE;6395;"Capital";TRUE;3001;"Return";TRUE;3437;"Capital";TRUE;1935;"Return";TRUE;4530;"Capital";FALSE;5528;"Capital";TRUE;829;"Return";TRUE;2467;"Return";TRUE;5677;"Return";TRUE;3223;"Return";TRUE;3679;"Capital";TRUE;2494;"Capital";TRUE;14205;"Return";TRUE;5595;"Return";TRUE;26150;"Return";TRUE;5199;"Return";TRUE;5771;"Capital";TRUE;2190;"Capital";TRUE;6140;"Return";TRUE;5555;"Return";TRUE;7280;"Return";FALSE;1907;"Capital";TRUE;6347;"Capital";TRUE;2740;"Return";TRUE;2464;"Capital";TRUE;5427;"Return";TRUE;9886;"Capital";FALSE;1859;"Capital";TRUE;3216;"Return";TRUE;6221;"Return";FALSE;3188;"Return";TRUE;2156;"Capital";TRUE
"30";"P30";"without";10507;"Return";FALSE;3584;"Return";FALSE;6714;"Return";FALSE;4037;"Capital";TRUE;2192;"Return";FALSE;2121;"Capital";FALSE;1618;"Return";FALSE;969;"Return";FALSE;3086;"Return";FALSE;1163;"Return";FALSE;1919;"Capital";TRUE;3807;"Capital";FALSE;9050;"Capital";FALSE;4106;"Return";FALSE;5481;"Capital";FALSE;2970;"Return";FALSE;6927;"Capital";TRUE;3959;"Capital";FALSE;3918;"Capital";FALSE;5045;"Capital";TRUE;10581;"Capital";TRUE;22508;"Return";FALSE;9724;"Capital";FALSE;15233;"Return";TRUE;2849;"Return";TRUE;1399;"Return";TRUE;9969;"Return";TRUE;2784;"Return";TRUE;18771;"Return";FALSE;8484;"Return";TRUE;15154;"Capital";TRUE;2962;"Return";TRUE;12998;"Capital";FALSE;15565;"Capital";TRUE;7328;"Return";TRUE;8925;"Return";TRUE;27838;"Capital";FALSE;13548;"Return";TRUE;8019;"Capital";TRUE;5813;"Capital";TRUE;20845;"Capital";FALSE;9770;"Return";TRUE;18267;"Capital";FALSE;15991;"Capital";FALSE;6946;"Capital";TRUE;1612;"Capital";TRUE;8241;"Return";TRUE;15591;"Return";TRUE;3398;"Capital";TRUE;13325;"Capital";TRUE;2175;"Return";FALSE;11313;"Capital";FALSE;5149;"Capital";TRUE;12438;"Return";TRUE;8253;"Capital";FALSE;2764;"Capital";TRUE;2225;"Return";TRUE;6893;"Return";FALSE;13387;"Capital";FALSE;5535;"Return";FALSE
"31";"P31";"with";3420;"Capital";TRUE;5522;"Capital";TRUE;3024;"Capital";TRUE;11385;"Return";FALSE;4329;"Return";FALSE;2039;"Return";TRUE;8076;"Return";FALSE;1659;"Capital";TRUE;1337;"Return";FALSE;6762;"Return";FALSE;3279;"Capital";TRUE;1688;"Return";TRUE;5108;"Return";TRUE;13788;"Return";FALSE;744;"Return";TRUE;804;"Capital";TRUE;2196;"Capital";TRUE;4030;"Return";TRUE;1154;"Return";TRUE;898;"Capital";TRUE;4256;"Return";FALSE;7201;"Return";FALSE;3712;"Return";TRUE;1344;"Capital";FALSE;4792;"Capital";FALSE;3054;"Capital";FALSE;9535;"Capital";FALSE;1184;"Capital";FALSE;8080;"Return";FALSE;2401;"Capital";FALSE;9101;"Return";FALSE;1546;"Capital";FALSE;2834;"Return";TRUE;12047;"Return";FALSE;1242;"Capital";FALSE;943;"Capital";FALSE;8863;"Capital";FALSE;5346;"Return";TRUE;3189;"Return";FALSE;4086;"Return";FALSE;10449;"Return";TRUE;5789;"Capital";FALSE;11016;"Capital";FALSE;6987;"Return";TRUE;6868;"Capital";TRUE;14706;"Return";FALSE;17528;"Return";TRUE;2872;"Capital";FALSE;3521;"Return";FALSE;10894;"Capital";TRUE;10194;"Return";FALSE;15489;"Return";TRUE;7369;"Return";FALSE;6835;"Capital";FALSE;6064;"Return";TRUE;1273;"Capital";TRUE;13684;"Return";TRUE;5370;"Capital";TRUE;14432;"Capital";FALSE;3146;"Return";FALSE
"32";"P32";"without";3829;"Return";FALSE;8695;"Return";FALSE;2539;"Capital";TRUE;9112;"Return";FALSE;14172;"Return";FALSE;2829;"Return";TRUE;2298;"Capital";TRUE;1156;"Capital";TRUE;15496;"Capital";TRUE;1173;"Capital";TRUE;5077;"Capital";TRUE;6382;"Return";TRUE;5294;"Return";TRUE;9341;"Capital";TRUE;6907;"Capital";FALSE;6074;"Capital";TRUE;5027;"Capital";TRUE;4097;"Return";TRUE;10228;"Return";TRUE;2393;"Capital";TRUE;11993;"Capital";TRUE;5892;"Return";FALSE;4241;"Return";TRUE;2917;"Return";TRUE;2895;"Return";TRUE;4444;"Return";TRUE;5181;"Return";TRUE;5045;"Capital";FALSE;5534;"Return";FALSE;2445;"Return";TRUE;2889;"Capital";TRUE;2565;"Return";TRUE;2765;"Capital";FALSE;4864;"Capital";TRUE;2287;"Capital";FALSE;3515;"Capital";FALSE;5190;"Return";TRUE;3902;"Capital";FALSE;1740;"Capital";TRUE;2531;"Capital";TRUE;23586;"Return";TRUE;4574;"Return";TRUE;4045;"Capital";FALSE;5059;"Return";TRUE;6712;"Capital";TRUE;7653;"Capital";TRUE;5351;"Return";TRUE;4464;"Return";TRUE;7191;"Return";FALSE;3807;"Capital";TRUE;7314;"Capital";TRUE;7992;"Return";TRUE;7468;"Capital";TRUE;9665;"Capital";FALSE;3244;"Return";TRUE;1996;"Capital";TRUE;3251;"Return";TRUE;4742;"Capital";TRUE;4627;"Return";TRUE;4044;"Capital";TRUE
"33";"P33";"with";4990;"Capital";TRUE;2378;"Capital";TRUE;1301;"Capital";TRUE;1896;"Capital";TRUE;2808;"Capital";TRUE;1026;"Return";TRUE;656;"Capital";TRUE;812;"Capital";TRUE;1849;"Capital";TRUE;3127;"Capital";TRUE;1475;"Capital";TRUE;694;"Return";TRUE;733;"Return";TRUE;682;"Capital";TRUE;924;"Return";TRUE;538;"Capital";TRUE;1693;"Capital";TRUE;559;"Return";TRUE;1267;"Return";TRUE;509;"Capital";TRUE;8416;"Capital";TRUE;8076;"Return";FALSE;10351;"Return";TRUE;5264;"Return";TRUE;3825;"Return";TRUE;19093;"Return";TRUE;20724;"Return";TRUE;2873;"Return";TRUE;2664;"Capital";TRUE;17902;"Capital";FALSE;6521;"Capital";TRUE;23232;"Capital";FALSE;5775;"Capital";FALSE;9513;"Return";FALSE;17480;"Capital";FALSE;1644;"Return";TRUE;4304;"Return";TRUE;3601;"Capital";FALSE;1508;"Capital";TRUE;7819;"Capital";TRUE;5966;"Return";TRUE;3476;"Return";TRUE;21855;"Capital";FALSE;16087;"Return";TRUE;4605;"Capital";TRUE;3041;"Capital";TRUE;9608;"Capital";FALSE;14816;"Return";TRUE;7404;"Capital";TRUE;1615;"Capital";TRUE;2860;"Capital";TRUE;2103;"Return";TRUE;1565;"Capital";TRUE;8509;"Return";TRUE;9962;"Return";TRUE;1915;"Capital";TRUE;9195;"Return";TRUE;3365;"Capital";TRUE;18039;"Return";TRUE;2045;"Capital";TRUE
"34";"P34";"without";4852;"Capital";TRUE;8997;"Capital";TRUE;7159;"Capital";TRUE;2541;"Return";FALSE;6178;"Capital";TRUE;2827;"Return";TRUE;4599;"Capital";TRUE;6197;"Capital";TRUE;4129;"Return";FALSE;4672;"Return";FALSE;3580;"Capital";TRUE;10505;"Return";TRUE;1362;"Return";TRUE;4809;"Return";FALSE;5974;"Return";TRUE;3102;"Return";FALSE;9228;"Capital";TRUE;4001;"Return";TRUE;1360;"Return";TRUE;2294;"Capital";TRUE;3771;"Capital";TRUE;5775;"Capital";TRUE;6679;"Return";TRUE;9041;"Return";TRUE;3404;"Return";TRUE;7596;"Return";TRUE;3184;"Return";TRUE;4165;"Return";TRUE;7330;"Capital";TRUE;8518;"Return";TRUE;6706;"Capital";TRUE;2359;"Return";TRUE;8389;"Capital";FALSE;6674;"Capital";TRUE;2613;"Return";TRUE;2545;"Return";TRUE;6320;"Return";TRUE;5808;"Capital";FALSE;7884;"Capital";TRUE;9310;"Capital";TRUE;20176;"Capital";FALSE;4897;"Capital";FALSE;5007;"Return";TRUE;6319;"Capital";FALSE;7406;"Return";FALSE;2447;"Return";FALSE;7771;"Capital";FALSE;21084;"Capital";FALSE;8902;"Capital";TRUE;2832;"Return";FALSE;5429;"Return";FALSE;9334;"Return";TRUE;7299;"Return";FALSE;7166;"Capital";FALSE;6245;"Return";TRUE;6869;"Capital";TRUE;9847;"Capital";FALSE;7753;"Capital";TRUE;3642;"Return";TRUE;3664;"Return";FALSE
"35";"P35";"with";5963;"Capital";TRUE;3048;"Capital";TRUE;5130;"Capital";TRUE;6256;"Capital";TRUE;6279;"Return";FALSE;2346;"Return";TRUE;3581;"Capital";TRUE;2748;"Capital";TRUE;6938;"Capital";TRUE;1768;"Capital";TRUE;2074;"Capital";TRUE;1436;"Return";TRUE;6843;"Return";TRUE;1872;"Capital";TRUE;2911;"Return";TRUE;1021;"Capital";TRUE;1004;"Capital";TRUE;1471;"Return";TRUE;1185;"Return";TRUE;1083;"Capital";TRUE;4720;"Capital";TRUE;2933;"Return";FALSE;7671;"Capital";FALSE;5711;"Return";TRUE;4266;"Return";TRUE;5163;"Return";TRUE;12191;"Capital";FALSE;3186;"Return";TRUE;7319;"Capital";TRUE;6124;"Return";TRUE;4438;"Capital";TRUE;1488;"Return";TRUE;4798;"Capital";FALSE;6500;"Capital";TRUE;2002;"Return";TRUE;1966;"Return";TRUE;4074;"Return";TRUE;13157;"Return";TRUE;3326;"Capital";TRUE;7672;"Return";FALSE;6350;"Return";TRUE;7433;"Return";TRUE;5131;"Return";TRUE;9413;"Return";TRUE;4801;"Capital";TRUE;5711;"Capital";TRUE;3067;"Return";TRUE;3142;"Return";TRUE;6151;"Capital";TRUE;2587;"Capital";TRUE;1696;"Return";FALSE;2192;"Return";TRUE;1780;"Capital";TRUE;15572;"Return";TRUE;3395;"Return";TRUE;2921;"Capital";TRUE;10327;"Capital";FALSE;1940;"Return";FALSE;7174;"Capital";FALSE;3314;"Return";FALSE
"36";"P36";"without";4659;"Return";FALSE;3860;"Return";FALSE;3174;"Return";FALSE;2306;"Capital";TRUE;1522;"Return";FALSE;3486;"Capital";FALSE;1345;"Capital";TRUE;1141;"Return";FALSE;1944;"Return";FALSE;1465;"Return";FALSE;1015;"Return";FALSE;2765;"Capital";FALSE;1319;"Return";TRUE;4839;"Return";FALSE;1142;"Capital";FALSE;916;"Return";FALSE;780;"Return";FALSE;1262;"Capital";FALSE;1165;"Capital";FALSE;764;"Return";FALSE;4272;"Capital";TRUE;4857;"Return";FALSE;1875;"Capital";FALSE;11741;"Capital";FALSE;1379;"Return";TRUE;3181;"Return";TRUE;2170;"Capital";FALSE;3146;"Return";TRUE;2561;"Capital";TRUE;1207;"Return";TRUE;4283;"Capital";TRUE;1460;"Return";TRUE;1218;"Return";TRUE;5221;"Capital";TRUE;1669;"Return";TRUE;1047;"Return";TRUE;3052;"Capital";FALSE;2202;"Return";TRUE;5756;"Capital";TRUE;2767;"Capital";TRUE;9068;"Return";TRUE;5318;"Capital";FALSE;12644;"Return";TRUE;3122;"Capital";FALSE;3571;"Capital";TRUE;2776;"Capital";TRUE;4973;"Return";TRUE;2818;"Return";TRUE;1670;"Capital";TRUE;2018;"Capital";TRUE;1199;"Return";FALSE;2764;"Return";TRUE;3411;"Return";FALSE;4367;"Return";TRUE;2141;"Capital";FALSE;1715;"Capital";TRUE;1945;"Return";TRUE;1901;"Return";FALSE;4685;"Return";TRUE;2718;"Return";FALSE
"37";"P37";"with";3142;"Capital";TRUE;8580;"Capital";TRUE;10921;"Capital";TRUE;1632;"Return";FALSE;7937;"Return";FALSE;1095;"Return";TRUE;17843;"Return";FALSE;1611;"Capital";TRUE;3664;"Return";FALSE;2914;"Capital";TRUE;2687;"Capital";TRUE;1170;"Return";TRUE;1258;"Return";TRUE;2866;"Capital";TRUE;1434;"Return";TRUE;1868;"Capital";TRUE;7289;"Capital";TRUE;1233;"Return";TRUE;768;"Return";TRUE;3530;"Capital";TRUE;11793;"Capital";TRUE;13050;"Return";FALSE;19526;"Capital";FALSE;3694;"Return";TRUE;3953;"Return";TRUE;6868;"Return";TRUE;17650;"None";FALSE;6052;"None";FALSE;4734;"Capital";TRUE;1939;"None";FALSE;10791;"Capital";TRUE;3071;"Return";TRUE;12856;"Capital";FALSE;18963;"Capital";TRUE;5809;"Return";TRUE;2922;"Return";TRUE;17192;"Capital";FALSE;9494;"Capital";FALSE;16082;"Return";FALSE;8073;"Return";FALSE;28363;"Return";TRUE;9609;"Return";TRUE;20001;"Return";TRUE;28630;"Return";TRUE;12265;"Capital";TRUE;1477;"Capital";TRUE;4762;"Return";TRUE;9459;"Return";TRUE;12795;"Return";FALSE;3414;"Capital";TRUE;3418;"Capital";TRUE;12964;"Return";TRUE;2512;"Capital";TRUE;9905;"Return";TRUE;13727;"Return";TRUE;2125;"Capital";TRUE;9106;"Return";TRUE;8016;"Capital";TRUE;11890;"Capital";FALSE;5485;"Capital";TRUE
"38";"P38";"without";6146;"Capital";TRUE;3202;"Capital";TRUE;1521;"Capital";TRUE;5224;"Return";FALSE;14558;"Return";FALSE;4897;"Return";TRUE;2866;"Capital";TRUE;2587;"Capital";TRUE;3207;"Return";FALSE;1088;"Return";FALSE;843;"Capital";TRUE;885;"Return";TRUE;3755;"Return";TRUE;1685;"Capital";TRUE;11289;"Return";TRUE;4844;"Capital";TRUE;1805;"Capital";TRUE;737;"Return";TRUE;837;"Return";TRUE;2145;"Capital";TRUE;11969;"Return";FALSE;5630;"Return";FALSE;6301;"Capital";FALSE;1877;"Return";TRUE;5538;"Return";TRUE;2677;"Return";TRUE;3323;"Return";TRUE;3426;"Return";TRUE;12615;"Return";FALSE;3680;"Return";TRUE;9146;"Capital";TRUE;1916;"Return";TRUE;7743;"Capital";FALSE;10923;"Return";FALSE;1618;"Return";TRUE;1043;"Return";TRUE;3841;"Return";TRUE;3115;"Return";TRUE;8288;"Capital";TRUE;5924;"Return";FALSE;10699;"Return";TRUE;13106;"Return";TRUE;11649;"Return";TRUE;8222;"Return";TRUE;6436;"Capital";TRUE;3649;"Capital";TRUE;9077;"Return";TRUE;5956;"Return";TRUE;10779;"Capital";TRUE;4145;"Capital";TRUE;10203;"Capital";TRUE;3248;"Return";TRUE;9435;"Return";FALSE;16530;"Capital";FALSE;7756;"Return";TRUE;4514;"Capital";TRUE;17414;"Return";TRUE;7641;"Capital";TRUE;4022;"Return";TRUE;9891;"Capital";TRUE
